{"entities":{"pages":{"Introduction":{"id":"Introduction","title":"Introduction","url":"introduction.html","level":0,"tabIndex":0},"GettingStarted":{"id":"GettingStarted","title":"Getting Started","url":"gettingstarted.html","level":0,"tabIndex":1},"Usage":{"id":"Usage","title":"Usage Documentation","url":"usage.html","level":0,"tabIndex":2},"CodeDocumentation":{"id":"CodeDocumentation","title":"Code Documentation","url":"codedocumentation.html","level":0,"tabIndex":3},"ReferencesAndOthers":{"id":"ReferencesAndOthers","title":"References and Others","url":"referencesandothers.html","level":0,"tabIndex":4}}},"topLevelIds":["Introduction","GettingStarted","Usage","CodeDocumentation","ReferencesAndOthers"]}